Oligo	TargetCounts	BackgroundCounts	NormalizationFactor
A	30.10%	30.09%	1.000
C	19.90%	19.91%	0.999
G	19.90%	19.91%	0.999
T	30.10%	30.09%	1.000
AA	10.98%	10.90%	1.007
CA	6.68%	6.67%	1.001
GA	5.31%	5.48%	0.969
TA	7.14%	7.04%	1.014
AC	5.14%	5.20%	0.989
CC	4.44%	4.15%	1.069
GC	5.00%	5.08%	0.984
TC	5.31%	5.48%	0.969
AG	5.22%	5.29%	0.986
CG	3.55%	3.79%	0.938
GG	4.44%	4.15%	1.069
TG	6.68%	6.67%	1.001
AT	8.77%	8.69%	1.009
CT	5.22%	5.29%	0.986
GT	5.14%	5.20%	0.989
TT	10.98%	10.90%	1.007
AAA	4.50%	4.27%	1.053
CAA	2.23%	2.26%	0.989
GAA	1.92%	1.96%	0.981
TAA	2.33%	2.41%	0.964
ACA	1.95%	1.89%	1.033
CCA	1.52%	1.52%	0.997
GCA	1.69%	1.65%	1.027
TCA	1.52%	1.61%	0.942
AGA	1.49%	1.47%	1.012
CGA	1.08%	1.19%	0.910
GGA	1.23%	1.20%	1.020
TGA	1.52%	1.61%	0.942
ATA	2.60%	2.41%	1.082
CTA	1.02%	1.05%	0.972
GTA	1.19%	1.18%	1.014
TTA	2.33%	2.41%	0.964
AAC	1.71%	1.77%	0.968
CAC	1.35%	1.33%	1.021
GAC	0.88%	0.93%	0.945
TAC	1.19%	1.18%	1.014
ACC	0.94%	0.97%	0.974
CCC	1.08%	0.85%	1.262
GCC	1.20%	1.13%	1.055
TCC	1.23%	1.20%	1.020
AGC	1.22%	1.37%	0.891
CGC	0.89%	0.93%	0.965
GGC	1.20%	1.13%	1.055
TGC	1.69%	1.65%	1.027
ATC	1.36%	1.47%	0.925
CTC	1.14%	1.11%	1.028
GTC	0.88%	0.93%	0.945
TTC	1.92%	1.96%	0.981
AAG	1.72%	1.77%	0.974
CAG	1.33%	1.36%	0.975
GAG	1.14%	1.11%	1.028
TAG	1.02%	1.05%	0.972
ACG	0.80%	0.88%	0.913
CCG	0.78%	0.79%	0.980
GCG	0.89%	0.93%	0.965
TCG	1.08%	1.19%	0.910
AGG	1.06%	0.98%	1.075
CGG	0.78%	0.79%	0.980
GGG	1.08%	0.85%	1.262
TGG	1.52%	1.52%	0.997
ATG	1.76%	1.73%	1.019
CTG	1.33%	1.36%	0.975
GTG	1.35%	1.33%	1.021
TTG	2.23%	2.26%	0.989
AAT	3.06%	3.09%	0.988
CAT	1.76%	1.73%	1.019
GAT	1.36%	1.47%	0.925
TAT	2.60%	2.41%	1.082
ACT	1.44%	1.47%	0.982
CCT	1.06%	0.98%	1.075
GCT	1.22%	1.37%	0.891
TCT	1.49%	1.47%	1.012
AGT	1.44%	1.47%	0.982
CGT	0.80%	0.88%	0.913
GGT	0.94%	0.97%	0.974
TGT	1.95%	1.89%	1.033
ATT	3.06%	3.09%	0.988
CTT	1.72%	1.77%	0.974
GTT	1.71%	1.77%	0.968
TTT	4.50%	4.27%	1.053
