chrom,startcoords,endcoords
chr3R,436472,438282
chr3R,420655,422868
chr3R,428344,431194
chr3R,422141,425723
chr3R,438503,442184
chrX,15248956,15252442
chr4,1101735,1102802
chr3L,21575451,21577820
chr3L,21577234,21580856
chr2R,1608926,1611479
chr2R,1633939,1637875
chrX,439428,442164
chrX,349909,352526
chr2R,10657616,10658066
chr2L,17225704,17227681
chr2L,17245230,17247617
chr2L,17238884,17241572
chr2L,17232396,17235331
chr2L,17236270,17239655
chr2L,17223252,17226769
chr2L,17243021,17246573
chr2L,17226742,17230491
chr2L,17229889,17233677
chr2L,17734845,17738025
chr2L,17731752,17735456
chr2L,17759656,17763746
chr4,1071113,1071910
chr3R,1545686,1549686
chr2L,6750339,6754072
chr3L,22900728,22903228
chr2R,14397289,14401616
chr4,79418,83379
chrX,7517671,7520684
chr2L,16457898,16461102
chr2L,16460125,16463346
chr2R,2034209,2036662
chr2R,2006841,2010445
chr4,632403,632735
chr4,630104,631987
chr4,720512,723480
chr4,718297,721331
chrX,4089111,4092383
chrX,4086038,4089692
chr4,870193,872022
chr2R,8431705,8434106
chr2R,8428774,8432649
chrX,18058307,18061703
chr2R,13687400,13689894
chr2R,13643961,13644965
chr2L,16362542,16365283
chr3R,21472292,21473103
chr3R,21473270,21474638
chr3R,21470855,21472641
chr2R,10682330,10685785
chr2L,1428055,1431710
chr2R,12066361,12068850
chr2R,5830336,5833259
chr4,956328,957124
chr4,961142,963440
chrX,3583441,3587065
chrX,3029810,3033523
chrX,14587159,14590002
chrX,14589244,14593064
chr2L,14479554,14483266
chr2L,14453907,14457497
chr3L,16747686,16751470
chr2R,20172570,20175586
chr2R,20159720,20162862
chrX,17699424,17703282
chr4,624833,625672
chr4,106367,107701
chr4,95756,97106
chr4,109734,112616
chr4,111966,115198
chr2L,12678911,12680806
chr2L,12680808,12684576
chr3R,7192391,7195789
chr2L,370985,375025
chr2L,84249,87098
chr2R,19530731,19535295
chr3R,6194424,6197898
chr2R,4750477,4753386
chrX,274213,277484
chrX,271792,275220
chrX,282747,286633
chrX,285861,289793
chrX,15712524,15713665
chr2L,8581425,8584519
chr2L,8613487,8616901
chrX,20643642,20644358
chr3L,18433550,18436883
chr3R,17385902,17388315
chr3R,17387395,17391328
chr4,832978,835453
chr4,827946,830532
chr4,837215,840037
chr4,839031,841985
chr4,851096,854092
chr4,840568,844195
chr4,829712,833686
chr3L,14128380,14132292
chr3L,14131406,14135206
chr3L,14153033,14155729
chr2L,8813656,8817343
chr2L,19575390,19577319
chr3R,12246597,12250349
chr4,1130093,1131438
chr4,1129103,1129848
chr4,1124223,1126824
chr3R,8091668,8095022
chr4,570438,571413
chr4,574342,578093
chr4,1005195,1008439
chr4,1025161,1026562
chr4,1028909,1031762
chr4,1029192,1033508
chr3L,1012448,1015528
chr3L,22046131,22049127
chr3L,22048166,22050916
chr4,897794,899518
chr2L,5287639,5291579
chr2L,14264025,14265895
chr4,512690,515035
chr4,536895,539923
chr4,535320,536921
chr4,510915,513698
chr2R,14878777,14881466
chr3L,17695377,17698606
chr3L,17697813,17701299
chr2R,17455812,17458294
chr3L,3965089,3968050
chr2L,12155627,12159396
chr3R,15034401,15037509
chrX,7503479,7505227
chrX,7504092,7508012
chr3R,25513506,25517229
chrX,3216883,3219994
chrX,3201155,3204607
chrX,3203596,3207169
chr3R,25383541,25386755
chr3L,17954877,17957618
chr3L,8178689,8179350
chr3R,11979686,11982862
chr3R,15558552,15562170
chr3R,25594974,25598744
chr2L,2900649,2904248
chr2L,21304059,21304861
chrX,4606112,4609939
chr2R,6460525,6464313
chrX,19052433,19055858
chrX,16526898,16530283
chrX,2944598,2948274
chr3R,19741735,19744908
chr3R,19744184,19745773
chr3R,25903972,25906365
chr3R,25905402,25907926
chr3L,14747614,14750029
chr2R,5988621,5991805
chr2R,1631623,1635045
chr2R,1596772,1600272
chr2R,1628743,1632319
chrX,347473,350875
chrX,18108599,18112518
chrX,6829573,6832510
chr4,728239,731570
chr2L,9582049,9584920
chr2L,9584860,9588623
chr2R,20929409,20932227
chr2R,20931629,20933690
chr2R,17593313,17596820
chr3R,6456825,6460797
chr2R,21108280,21111505
chr2R,21096309,21099902
chr2R,5822932,5826363
chr2R,5832508,5836285
chr2R,5817986,5821986
chrX,3032881,3036777
chrX,14636327,14640635
chr2L,14462733,14465578
chr2L,14451817,14454838
chr2L,12614264,12618045
chr4,93462,95719
chr2R,10320186,10324392
chr3L,12728257,12729212
chrX,8828051,8831017
chrX,8825410,8828850
chr2R,4747860,4750386
chr2L,8543599,8544639
chr2L,8583934,8587896
chrX,20659143,20663448
chr3L,18436288,18440239
chr2L,3821714,3825360
chr4,848117,851631
chr4,844211,848687
chrX,9596712,9599628
chr3R,25084746,25087890
chr3R,25086442,25089941
chr3L,10830919,10834788
chr4,1000627,1004187
chr4,1003160,1006554
chr2L,18892536,18895851
chr2L,5290611,5293022
chr2L,5291910,5295222
chr2L,7299004,7302441
chr3R,26588510,26591289
chr3R,26585717,26589696
